Id,Country,Location Name,Mag,Deaths,Houses Destroyed,Houses Damaged
2868.0,INDONESIA,"INDONESIA:  SW SUMATRA:  KERINTJI, REDJANGLEBONG",7.6,289.14285714285717,675.2222222222222,448.06060606060606
10215.0,INDONESIA,INDONESIA:  SUMATRA:  ACEH:  PIDIE JAYA,6.5,104.0,245.0,18752.0
10351.0,INDONESIA,INDONESIA:  LOMBOK ISLAND,6.9,560.0,675.2222222222222,83392.0
10524.0,INDONESIA,"INDONESIA:  SULAWESI:  MAMUJU, MAJENE",6.2,105.0,1150.0,7863.0
10654.0,INDONESIA,INDONESIA: W JAVA: CIANJUR,5.6,635.0,13633.0,42645.0
3600.0,INDONESIA,"INDONESIA:  JAVA:  JOGYAKARTA:  KLUMPIT,PRAMBANAN",7.2,1.0,326.0,2200.0
4178.0,INDONESIA,INDONESIA:  JAVA:  MALANG,6.7,8.0,95.0,206.0
4993.0,INDONESIA,INDONESIA:  CENTRAL SULAWESI,6.1,2.0,20.0,4.0
5504.0,INDONESIA,"INDONESIA:  JAWA, MALANG, BLITAR, BANTUR",6.6,1.0,38.0,62.0
5656.0,INDONESIA,"INDONESIA: NEW GUINEA: MANOKWARI, ORANSBARI, RANSIKI",7.6,8.0,1000.0,900.0
5696.0,INDONESIA,"INDONESIA:  MOROTAI, BEREBERE, DARUBA",7.0,1.0,28.0,20.0
5810.0,INDONESIA,INDONESIA:  KEPULAUAN ALOR,7.5,34.0,781.0,16712.0
5844.0,INDONESIA,INDONESIA:  JAVA:  GARUT,4.8,1.0,83.5,721.25
7574.0,INDONESIA,INDONESIA:  SUMATRA,8.4,25.0,56425.0,20749.0
8552.0,INDONESIA,INDONESIA:  SUMATRA:  SOUTHERN:  KERINCI,6.6,3.0,675.2222222222222,448.06060606060606
9938.0,INDONESIA,"INDONESIA:  SULAWESI:  SIGI, PARIGI MOUNTONG",6.3,6.0,471.0,1097.0
10149.0,INDONESIA,INDONESIA:  PAPUA,7.0,1.0,1.0,6.0
10348.0,INDONESIA,INDONESIA: SUMATRA: SOLOK,5.2,1.0,2.0,448.06060606060606
10349.0,INDONESIA,INDONESIA:  LOMBOK ISLAND,6.4,17.0,5448.0,448.06060606060606
10584.0,INDONESIA,INDONESIA:  SULAWESI,6.1,1.0,20.761904761904763,17.76923076923077
10374.0,INDONESIA,INDONESIA:  SULAWESI:  MAMASA,5.5,7.0,8.0,448.06060606060606
10399.0,INDONESIA,INDONESIA:  LOMBOK ISLAND,5.6,6.0,843.0,3613.0
10426.0,INDONESIA,INDONESIA:  MOLUCCA ISLANDS:  N,7.3,8.0,1176.0,1158.0
10431.0,INDONESIA,INDONESIA:  JAVA:  BANTEN,6.9,8.0,13.0,458.0
10448.0,INDONESIA,INDONESIA:  MALUKU:  AMBON,6.5,31.0,20.761904761904763,2675.0
10539.0,INDONESIA,"INDONESIA: JAVA: LUMAJANG, MALANG",6.0,10.0,85.0,3024.0
10585.0,INDONESIA,"INDONESIA:  BALI: KARANGASEM, BANGLI",5.1,3.0,366.0,524.0
10603.0,INDONESIA,"INDONESIA: W SUMATRA: PASAMAN, WEST PASAMAN",6.2,27.0,103.0,4800.0
10658.0,INDONESIA,INDONESIA:  BANDA SEA,7.6,1.0,37.0,327.0
10664.0,INDONESIA,INDONESIA: NEW GUINEA: IRIAN JAYA: JAYAPURA,5.1,4.0,15.0,28.0
10700.0,INDONESIA,INDONESIA: JAVA: YOGYAKARTA,5.8,1.0,3.0,433.0
5823.0,INDONESIA,INDONESIA:  SUMATRA:  ACEH:  OFF WEST COAST,9.1,1001.0,675.2222222222222,448.06060606060606
6657.0,INDONESIA,INDONESIA:  SUMATERA:  SW,8.6,1303.0,300.0,300.0
7245.0,INDONESIA,"INDONESIA:   JAVA:  BANTUL, YOGYAKARTA",6.3,5749.0,127000.0,127000.0
8409.0,INDONESIA,INDONESIA:  SUMATRA:  PADANG,7.5,1117.0,675.2222222222222,181665.0
10369.0,INDONESIA,INDONESIA:  SULAWESI,7.5,4340.0,3673.0,39191.0
4394.0,INDONESIA,"INDONESIA:  JAVA:  DAMPIT,GONDANG,TRENGGALEK",6.8,54.0,2000.0,5000.0
7481.0,INDONESIA,INDONESIA:  SUMATRA:  SOUTHERN,6.4,67.0,43719.0,20749.0
2717.0,JAPAN,JAPAN:  AKI,7.8,11.0,59.0,59.0
4238.0,JAPAN,JAPAN:  MIYAZAKI,7.3,2.0,170.0,170.0
4322.0,JAPAN,JAPAN:  HONSHU:  W COAST,7.5,26.0,2250.0,2250.0
4788.0,JAPAN,"JAPAN:  TOKKAIDO, OSHIMA",6.6,25.0,85.0,544.0
8164.0,JAPAN,JAPAN:  HONSHU:  N,6.8,1.0,90.0,90.0
10360.0,JAPAN,JAPAN:  HOKKAIDO,6.6,44.0,390.38461538461536,15000.0
10529.0,JAPAN,JAPAN:  OFF FUKUSHIMA,7.1,1.0,798.0,19758.0
10605.0,JAPAN,JAPAN:  OFF FUKUSHIMA,7.3,4.0,217.0,56718.0
10692.0,JAPAN,"JAPAN: HONSHU: ISHIKAWA, TOYAMA",6.2,1.0,3.0,351.0
10177.0,JAPAN,"JAPAN:  KUMAMOTO, OITA",7.0,273.0,43386.0,163500.0
10727.0,JAPAN,JAPAN: HONSHU: ISHIKAWA,7.5,299.0,29756.0,98598.0
3306.0,JAPAN,JAPAN:  HONSHU:  SW,7.3,3022.0,15594.0,9821.0
3884.0,JAPAN,JAPAN:  FUKUI,7.3,5131.0,63000.0,18543.0
5399.0,JAPAN,"JAPAN:  SW HONSHU:  KOBE, AWAJI-SHIMA, NISHINOMIYA",6.9,6434.0,186175.0,274182.0
9799.0,JAPAN,JAPAN:  HONSHU,9.1,1475.0,2473.0,5618.0
10266.0,MEXICO,"MEXICO: OAXACA, CHIAPAS, TABASCO; GUATEMALA",8.2,98.0,47468.0,94027.0
5673.0,MEXICO,"MEXICO:  VILLA DE ALVAREZ, COLIMA, TECOMAN, JALISCO",7.5,29.0,2005.0,6615.0
10102.0,MEXICO,MEXICO; GUATEMALA:  SAN MARCOS,6.9,3.0,6.5,50.0
10645.0,MEXICO,"MEXICO:  MICHOACAN, COLIMA, JALISCO",7.6,2.0,800.0,6084.0
2932.0,MEXICO,"MEXICO: COLIMA, JALISCO, MEXICO CITY",7.6,463.4,24736.5,34607.333333333336
10267.0,MEXICO,"MEXICO: MEXICO CITY, MORELOS, PUEBLA",7.1,369.0,226.0,184000.0
10161.0,VENEZUELA,VENEZUELA:  MERIDA,5.3,1.0,33.0,83.0
3948.0,VENEZUELA,VENEZUELA: EL TOCUYO,6.4,100.0,31.5,20.8
2574.0,TURKEY,"TURKEY:  KARS,KARAKURT,KAGIZMAN,DIGOR",5.9,140.0,1100.0,900.0
3353.0,TURKEY,"TURKEY:  TEPEKOY, TORBALI",6.5,170.0,2600.0,455.0
5692.0,TURKEY,TURKEY:  BINGOL,6.4,177.0,718.0,718.0
9845.0,TURKEY,"TURKEY:  ERCIS, VAN",7.1,604.0,5739.0,4882.0
10521.0,TURKEY,GREECE:  SAMOS; TURKEY:  IZMIR,7.0,117.0,74.5,145191.45454545456
4125.0,TURKEY,"TURKEY:  FETHIYE (LYCIA, ASIA MINOR)",7.3,18.0,3000.0,5000.0
9995.0,TURKEY,TURKEY:  YALOVA:  CINARCIK,6.2,1.0,7.0,163.0
4460.0,TURKEY,"TURKEY:  BARTIN, AMASRA, CAKRAZ",6.6,24.0,2000.0,2000.0
4549.0,TURKEY,TURKEY:  SIVAS,4.9,1.0,150.0,150.0
5767.0,TURKEY,TURKEY:  ERZURUM,5.6,10.0,45.0,45.0
6779.0,TURKEY,TURKEY:  IZMIR,5.9,1.0,74.5,90.0
10260.0,TURKEY,"TURKEY: BODRUM, DATCA; GREECE: KOS",6.6,2.0,30.666666666666668,31.2
10475.0,TURKEY,TURKEY:  ELAZIG AND MALATYA PROVINCES,6.7,41.0,76.0,145191.45454545456
2955.0,TURKEY,TURKEY:  MARMARA SEA,7.2,2800.0,24700.0,15400.0
4523.0,TURKEY,TURKEY:  GEDIZ,7.2,1086.0,8229.0,8229.0
10662.0,TURKEY,TURKEY: KAHRAMANMARAS; SYRIA,7.8,56697.0,542461.0,1474182.0
8892.0,TURKEY,"TURKEY:  ELAZIG PROVINCE:  OKCULAR, YUKARI DEMIRCI",6.1,51.0,287.0,287.0
10218.0,SOLOMON ISLANDS,SOLOMON ISLANDS,7.8,1.0,191.0,126.0
7457.0,SOLOMON ISLANDS,SOLOMON ISLANDS,8.1,2.0,300.0,500.0
10110.0,USA,"CALIFORNIA:  NAPA, VALLEJO",6.0,1.0,160.0,1034.0
10657.0,USA,CALIFORNIA:  HUMBOLDT COUNTY,6.4,2.0,150.0,30.0
6345.0,PAPUA NEW GUINEA,PAPUA NEW GUINEA:  BISMARCK SEA,7.4,4.0,1.0,836.5
4550.0,PAPUA NEW GUINEA,PAPUA NEW GUINEA:  MADANG,7.3,15.0,800.0,800.0
5649.0,PAPUA NEW GUINEA,"PAPUA NEW GUINEA:  KAIRIRU IS, MUSCHU IS, WEWAK",7.6,4.0,1.0,873.0
10325.0,PAPUA NEW GUINEA,PAPUA NEW GUINEA:  HELA,6.3,4.0,1.0,12.0
10675.0,PAPUA NEW GUINEA,PAPUA NEW GUINEA: EAST SEPIK,7.0,8.0,876.0,836.5
3241.0,COLOMBIA,"COLOMBIA:  GACHALA,GACHETA,UBALA,MEDINA",5.9,7.0,100.0,217.75
3611.0,COLOMBIA,COLOMBIA: EJE CAFETERO,7.0,6.0,225.0,217.75
5402.0,COLOMBIA,"COLOMBIA:  BOGOTA, MANIZALES, MIRAFLORES",6.5,7.0,512.0,20.0
10340.0,COLOMBIA,COLOMBIA:  PASTO,4.9,2.0,1.0,217.75
10531.0,COLOMBIA,"COLOMBIA: MEDELLIN, BETULIA",5.1,2.0,24.166666666666668,24.0
10704.0,COLOMBIA,"COLOMBIA: BOGOTA, BOYACA, CUNDINAMARCA, META,",6.3,2.0,20.0,252.0
3947.0,COLOMBIA,COLOMBIA:  ANBOLEDAS,6.1,300.0,225.0,217.75
7531.0,RUSSIA,RUSSIA:  TATAR STRAIT,6.2,2.0,11.0,20.0
10176.0,ECUADOR,"ECUADOR:  NEAR WEST COAST: MANABI, ESMERALDAS",7.8,663.0,6998.0,29672.0
5437.0,ECUADOR,"ECUADOR:  COTOPAXI, PASTAZA, TUNGURAHUA, AMBATO",5.9,27.0,535.0,3825.0
10181.0,ECUADOR,ECUADOR:  MANABI PROVINCE,6.9,1.0,7.5,32.0
10221.0,ECUADOR,ECUADOR:  ESMERALDAS,5.4,3.0,10.0,70.0
10393.0,ECUADOR,"ECUADOR: AZUAY, MANABI, MORONA SANT.; PERU",7.5,1.0,5.0,75.0
10609.0,ECUADOR,ECUADOR:  ESMERALDAS,5.8,1.0,779.0,3825.0
10673.0,ECUADOR,"ECUADOR: AZUAY, EL ORO, GUAYAS;  PERU: TUMBES",6.8,15.0,291.0,1050.0
3914.0,ECUADOR,ECUADOR: TUNGURAHUA,6.5,6000.0,6998.0,10674.0
5233.0,CHINA,CHINA:  QINGHAI PROVINCE:  GANGHE-XINGHAI,6.9,126.0,66800.0,66800.0
5430.0,CHINA,CHINA:  YUNNAN PROVINCE:  LIJIANG,6.6,322.0,959000.0,959000.0
9978.0,CHINA,CHINA:  SICHUAN PROVINCE:  LONGMEN,6.6,196.0,880.8055555555555,492.1578947368421
10106.0,CHINA,"CHINA:  YUNNAN:  LUDIAN:   LONGTOUSHAN, ZHAOTONG",6.2,615.0,25800.0,160400.0
10726.0,CHINA,CHINA:  GANSU PROVINCE: JISHISHAN,5.9,151.0,15000.0,207000.0
8116.0,CHINA,CHINA:   YUNNAN PROVINCE,5.5,6.0,880.8055555555555,492.1578947368421
8109.0,CHINA,CHINA:  SICHUAN PROVINCE,5.0,13.0,3.0,3.0
8022.0,CHINA,CHINA:  GUIZHOU PROVINCE,5.8,3.0,880.8055555555555,492.1578947368421
4489.0,CHINA,CHINA:  BOHAI SEA,7.4,10.0,15190.0,24810.0
5218.0,CHINA,CHINA:  SICHUAN PROVINCE:  JIANGBEI COUNTY,4.7,4.0,5000.0,53000.0
5414.0,CHINA,"CHINA: YUNNAN PROVINCE: LANCANG, MENGLIAN; THAILAND",6.8,11.0,100000.0,100000.0
5503.0,CHINA,CHINA:  SOUTHERN XINJIANG:  JIASHI,6.4,3.0,3600.0,18771.0
5509.0,CHINA,"CHINA:  SICHUAN PROVINCE: HUAPING, LIJIANG, NINGLAG",5.6,5.0,12000.0,12000.0
5544.0,CHINA,CHINA:  YUNNAN PROVINCE:  CHENGJIANG,4.6,1.0,90.0,90.0
5593.0,CHINA,"CHINA:  SICHUAN PROVINCE:  KANGDING, YAJIANG",5.6,3.0,60000.0,60000.0
5611.0,CHINA,CHINA:  YUNNAN PROVINCE:  YONGSHENG,5.6,1.0,3400.0,3400.0
5707.0,CHINA,CHINA:  YUNNAN PROVINCE,5.9,16.0,264878.0,264878.0
5731.0,CHINA,CHINA:  YUNNAN PROVINCE:  DAYAO,5.6,3.0,12000.0,12000.0
5734.0,CHINA,"CHINA:  YUNNAN PROVINCE:  LUDIAN, ZHAOTONG",5.6,4.0,600.0,600.0
5796.0,CHINA,CHINA:  YUNNAN PROVINCE:  LUDIAN,5.4,4.0,18556.0,65601.0
7881.0,CHINA,CHINA:  SICHUAN PROVINCE,6.0,8.0,400000.0,400000.0
8165.0,CHINA,CHINA:  SICHUAN PROVINCE,5.6,1.0,1200.0,1200.0
8132.0,CHINA,CHINA:  SICHUAN PROVINCE,5.9,43.0,392000.0,392000.0
8492.0,CHINA,CHINA:  CHONGQING PROVINCE:  RONGCHANG,3.4,2.0,440.0,440.0
8752.0,CHINA,CHINA:  SICHUAN PROVINCE: MOXI,4.7,1.0,200.0,200.0
9836.0,CHINA,CHINA:  YUNNAN PROVINCE:  PINGYUAN,5.5,25.0,1039.0,12528.0
10031.0,CHINA,CHINA:  YUNNAN PROVINCE:  BENZILAN,5.6,5.0,600.0,55500.0
10121.0,CHINA,CHINA:  SICHUAN PROVINCE:  GARZE,5.9,5.0,30.0,27400.0
10128.0,CHINA,CHINA:  YUNNAN PROVINCE:  YONGPING,5.6,1.0,434.0,17000.0
10132.0,CHINA,CHINA:  ANHUI PROVINCE:  FUYANG,4.6,2.0,155.0,11079.0
10261.0,CHINA,CHINA:  SICHUAN PROVINCE:  ABA,6.5,29.0,100.0,72500.0
10395.0,CHINA,CHINA:  SICHUAN PROVINCE: RONGXIAN,4.9,2.0,9.0,10911.0
10439.0,CHINA,CHINA:  SICHUAN PROVINCE: NEIJIANG,5.1,1.0,132.0,5041.0
10575.0,CHINA,CHINA: SICHUAN PROVINCE: LUXIAN (LU),5.4,3.0,809.0,7290.0
2631.0,CHINA,"CHINA:  XINJIANG, TURKESTAN",7.7,2500.0,107604.84090909091,155506.5172413793
4513.0,CHINA,CHINA:  YUNNAN PROVINCE; VIETNAM:  HANOI,7.8,10000.0,880.8055555555555,492.1578947368421
7843.0,CHINA,CHINA:  SICHUAN PROVINCE,7.9,87652.0,5360000.0,5360000.0
5424.0,CHINA,CHINA:  YUNNAN PROVINCE:  WUDING,6.2,81.0,200.0,200.0
9937.0,CHINA,CHINA: YUNNAN PROVINCE:  ZHAOTONG:  YILIANG,5.6,81.0,37000.0,133000.0
10018.0,CHINA,"CHINA:   GANSU:  DINGXI, MIN",6.0,95.0,123000.0,138000.0
2589.0,BULGARIA,"BULGARIA:  BALCHIK, KAVARNA, BLATNITSA, LIMANU",6.4,4.0,1200.0,1200.0
4448.0,PHILIPPINES,PHILIPPINES:  LUZON:  MANILA,7.3,270.0,57.0,388.0
10048.0,PHILIPPINES,"PHILIPPINES:  BOHOL, CEBU, SIQUIJOR IS",7.1,222.0,8897.0,7782.0
3598.0,PHILIPPINES,PHILIPPINES:  LUZON,7.5,1.0,538.2222222222222,388.0
3929.0,PHILIPPINES,PHILIPPINES:  LUZON:  E,7.2,6.953488372093023,61.0,61.5
4764.0,PHILIPPINES,PHILIPPINES:  LUZON:  MANILA,7.3,1.0,14.0,22.0
4987.0,PHILIPPINES,PHILIPPINES:  LUZON,6.5,16.0,538.2222222222222,388.0
5736.0,PHILIPPINES,PHILIPPINES:  SAMAR:  CAN-AVID,6.5,1.0,1.0,388.0
10238.0,PHILIPPINES,PHILIPPINES: SURIGAO DEL NORTE,6.5,8.0,215.0,3042.0
10258.0,PHILIPPINES,PHILIPPINES: LEYTE,6.5,4.0,735.0,1029.0
10406.0,PHILIPPINES,PHILIPPINES:  PAMPANGA PROVINCE,6.1,18.0,1046.0,3329.0
10453.0,PHILIPPINES,"PHILIPPINES:  MINDANAO:  COTABATO, DAVAO",6.4,7.0,506.0,2664.0
10454.0,PHILIPPINES,"PHILIPPINES:  MINDANAO:  COTABATO, DAVAO",6.6,12.0,22363.0,12119.0
10455.0,PHILIPPINES,"PHILIPPINES:  COTABATO, SULTAN KUDARAT",6.5,9.0,538.2222222222222,388.0
10462.0,PHILIPPINES,PHILIPPINES:  MINDANAO:  DAVAO,6.8,13.0,4546.0,21495.0
10515.0,PHILIPPINES,PHILIPPINES:  MASBATE,6.6,2.0,138.0,1167.0
10640.0,PHILIPPINES,PHILIPPINES: LUZON: ABRA,7.0,11.0,856.0,35924.0
10719.0,PHILIPPINES,PHILIPPINES:  MINDANAO:  DAVAO,6.7,11.0,602.0,5983.0
10721.0,PHILIPPINES,PHILIPPINES:  MINDANAO:  E,7.6,3.0,390.0,8315.0
3869.0,PHILIPPINES,"PHILIPPINES:  PANAY, ILOILO CITY, ANTIQUE",7.8,72.0,538.2222222222222,388.0
5394.0,PHILIPPINES,PHILIPPINES:  MINDORO,7.1,81.0,1530.0,6036.0
5569.0,NICARAGUA,NICARAGUA:  MASAYA,5.4,7.0,357.0,1130.0
10083.0,NICARAGUA,"NICARAGUA:  NAGAROTE, MANAGUA",6.1,2.0,168.0,2210.0
10373.0,NICARAGUA,NICARAGUA:  LEON,5.5,1.0,6.0,487.0
4711.0,GUATEMALA,"GUATEMALA:  CHIMALTENANGO, GUATEMALA CITY",7.5,23000.0,255000.0,7561.0
5525.0,GUATEMALA,GUATEMALA:  IZABAL-PUERTO BARRIOS; HONDURAS:  W,6.7,2.0,7.0,7.0
10253.0,GUATEMALA,"GUATEMALA: QUETZALTENANGO, SUCHITEPEQUEZ; MEXICO",6.9,5.0,4.0,500.0
10602.0,GUATEMALA,"GUATEMALA: BAJA VERAPAZ, GUATEMALA, QUEZALTENANGO",6.2,3.0,2.0,31.0
9942.0,GUATEMALA,"GUATEMALA:  SAN MARCOS, SAN CRISTOBAL COCHU",7.3,48.0,2769.0,7561.0
2613.0,AZERBAIJAN,AZERBAIJAN:  SEMACHA; N IRAN,6.9,86.0,3496.0,3496.0
5597.0,EL SALVADOR,EL SALVADOR:  CONCHAGUA,5.7,1.0,84.0,70.0
10193.0,EL SALVADOR,EL SALVADOR:  GULF OF FONSECA,7.3,1.0,5.0,41.0
5587.0,EL SALVADOR,EL SALVADOR; GUATEMALA,7.7,844.0,108226.0,169632.0
5592.0,EL SALVADOR,EL SALVADOR: SAN JUAN TEPEZONTES-SAN VICENTE-COJUTEP,6.6,315.0,41302.0,15706.0
4340.0,IRAN,IRAN:  NW,5.3,20.0,9832.0,721.0
5390.0,IRAN,"IRAN:  FIRUZABAD, SHIRAZ",5.9,3.0,400.1111111111111,721.0
5554.0,IRAN,"IRAN:  BARDASKAN, KASHMAR",5.3,1.0,100.0,100.0
5633.0,IRAN,IRAN:  WESTERN:  KERMANSHAH,5.4,2.0,9832.0,6724.909090909091
5783.0,IRAN,"IRAN:  MAZANDARAN, QAZVIN, TEHRAN",6.3,35.0,3880.0,721.0
7246.0,IRAN,IRAN:  SOUTHERN:  QESHM,5.1,2.0,222.14285714285714,93.33333333333333
8133.0,IRAN,IRAN:  HORMOZGAN PROVINCE,6.1,7.0,400.1111111111111,721.0
9760.0,IRAN,IRAN:  KERMAN,6.5,7.0,400.1111111111111,1800.0
9974.0,IRAN,"IRAN:  BUSHEHR PROVINCE:  SHANBE, KAKI, SENA",6.3,37.0,400.1111111111111,700.0
10056.0,IRAN,IRAN:  BORAZJAN,5.8,8.0,250.0,18.666666666666668
10249.0,IRAN,IRAN: KHORASAN,5.6,3.0,3.0,6724.909090909091
10456.0,IRAN,IRAN: MIYANEH,,5.0,3.0,18.666666666666668
10480.0,IRAN,TURKEY: VAN;  IRAN,6.0,10.0,255.0,600.0
10661.0,IRAN,IRAN:  KHVOY (KHOY),5.9,3.0,370.0,6724.909090909091
4543.0,IRAN,"IRAN:  KARNAVEH, MAREV",6.7,220.0,2000.0,6724.909090909091
5639.0,IRAN,IRAN:  AB GARM-ABHAR-AVAJ-SHIRIN SU,6.5,261.0,9832.0,6724.909090909091
5848.0,IRAN,IRAN:  KERMAN PROVINCE:  ZARAND,6.4,612.0,8000.0,8000.0
9928.0,IRAN,"IRAN:  AHAR, HARIS, VARZAGAN",6.5,306.0,9832.0,6724.909090909091
10275.0,IRAN,IRAN: KERMANSHAH; IRAQ: KURDISTAN,7.3,630.0,15500.0,14500.0
5461.0,IRAN,"IRAN: BIRJAND, GHAEN;  AFGHANISTAN",7.2,1728.0,10533.0,5474.0
5751.0,IRAN,"IRAN:  SOUTHEASTERN:  BAM, BARAVAT",6.6,31000.0,9832.0,6724.909090909091
5447.0,IRAN,"IRAN:  BOJNURD, SHIRVAN, ESFARAYEN",6.5,88.0,5500.0,11000.0
7234.0,IRAN,"IRAN:  WESTERN:  BORUJERD, DORUD",6.1,70.0,400.1111111111111,721.0
10467.0,USA TERRITORY,"PUERTO RICO:  PONCE,SAN JUAN",6.4,4.0,300.0,1390.0
2640.0,UZBEKISTAN,UZBEKISTAN:   ANDIZHAN,6.4,4880.0,41704.0,41704.0
4556.0,ITALY,ITALY:  TUSCANIA,4.6,24.0,40.0,1678.0
10202.0,ITALY,ITALY: NORCIA,6.6,2.0,27.5,1339.5
3021.0,GREECE,GREECE:  LEUKAS ISLAND,6.3,14.0,441.2,100.0
3873.0,GREECE,GREECE:  VASILIKI (LEUKAS),6.5,7.0,244.0,2022.0
3907.0,GREECE,"GREECE:  CHIOS, OENOUSSAE; TURKEY: KARABURUN",6.5,7.0,534.0,5501.0
4071.0,GREECE,GREECE:  DRAKIA-AGRIA (MAGNESIA),6.2,8.0,459.0,8352.0
6415.0,GREECE,NORTH CORINTH GULF,6.1,1.0,70.0,1000.0
4377.0,GREECE,GREECE:  SOUTHERN,5.5,1.0,180.0,1500.0
4428.0,GREECE,GREECE:  AEGEAN SEA:  ST EUSTRATIOS,7.2,20.0,500.0,1951.0
10096.0,GREECE,"GREECE, TURKEY",6.9,3.0,13.2,100.0
10164.0,GREECE,"GREECE:  LEFKADA, KEFALONIA, ITHACA",6.5,2.0,1.0,100.0
10252.0,GREECE,GREECE: LESBOS,6.3,1.0,10.0,250.0
3502.0,GREECE,GREECE: HIERISSOS-STRANTONION (CHALKIDIKI),6.9,161.0,4106.0,3218.0
3518.0,GREECE,GREECE:  DODECANESE ISLANDS,6.4,181.0,85.0,100.0
4029.0,GREECE,GREECE:  LIXOURI-ARGOSTOLI (KEPHALLENIA),7.2,476.0,30439.0,2394.0
10302.0,TAIWAN,TAIWAN:  HUALIEN,6.4,17.0,4.0,19.0
10737.0,TAIWAN,TAIWAN:  HUA-LIEN,7.4,18.0,111.0,297.0
10174.0,TAIWAN,TAIWAN:  TAINAN,6.4,117.0,13.0,19.0
5535.0,TAIWAN,"TAIWAN:  NANTOU, TAICHUNG, TAIZHONG",7.6,2297.0,8200.0,82000.0
5475.0,CHILE,"CHILE:  PUEBLO NUEVO, COQUIMBO, LA CHIMBA",7.1,8.0,5000.0,15700.0
10156.0,CHILE,CHILE:  CENTRAL,8.3,7.0,2305.0,10044.0
5307.0,INDIA,"INDIA:  CHAMOLI, UTTARKASHI, NEW DELHI, CHANDIGARH",7.0,2000.0,7500.0,7500.0
5364.0,INDIA,"INDIA:  LATUR-OSMANABAD, KILLARI",6.2,11000.0,68396.28571428571,64984.75
5589.0,INDIA,"INDIA:  GUJARAT:  BHUJ, AHMADABAD, RAJOKOT; PAKISTAN",7.6,20005.0,339000.0,339000.0
5478.0,INDIA,"INDIA-BANGLADESH:  CHITTAGONG, BANGLADESH",6.1,23.0,1.0,1.0
5650.0,INDIA,"INDIA:  ANDAMAN ISLANDS:  RONGAT, DIGLIPUR,ARIEL BAY",6.5,2.0,40.0,1.0
7252.0,INDIA,"INDIA:  JAUSARI, CHAMOLI, NANDPRAYAG",5.3,1.0,1.0,1.0
9991.0,INDIA,"INDIA:  KASHMIR:  DODA, KISHTWAR, RAMBAN",5.7,3.0,1136.0,95532.0
10226.0,INDIA,INDIA:  AMBASA;  BANGLADESH,5.7,3.0,1492.0,5200.0
9842.0,INDIA,INDIA: SIKKIM;  NEPAL;  CHINA;  BHUTAN,6.9,127.0,68396.28571428571,40000.0
5465.0,INDIA,INDIA:  SOUTHERN:  JABALPUR,5.8,56.0,8546.0,8546.0
5519.0,INDIA,"INDIA:  CHAMOLI, RUDRAPRAYAG, TEHRI GARHWAL",6.6,100.0,21100.0,21100.0
10461.0,ALBANIA,"ALBANIA:  DURRES, THUMANE, TIRANA",6.4,51.0,11000.0,83000.0
5096.0,GEORGIA,"GEORGIA:  AKHALKALAKI, SUSUZ",5.7,2.0,1500.0,1500.0
7537.0,PERU,"PERU:  ICA, PISCO, LIMA",8.0,514.0,52154.0,23632.0
2987.0,PERU,"PERU:  CARAVELI, CHUQUIBAMBA, OCONA, ATICO",7.9,74.28571428571429,292.6666666666667,657.8
4084.0,PERU,"PERU:  MUNGUI,LA UNION PROV,AREQUIPA,TORO,COTAHUASI",,1.0,69.0,155.66666666666666
4157.0,PERU,PERU: AREQUIPA,7.0,28.0,69.0,657.8
10118.0,PERU,PERU:  PARURO PROVINCE,4.9,8.0,106.0,657.8
10191.0,PERU,PERU:  AREQUIPA,5.5,9.0,605.0,671.0
10232.0,PERU,"PERU:  PUNO, LAMPA",6.2,1.0,8.0,40.0
10298.0,PERU,PERU: YAUCA,7.1,2.0,259.0,1577.0
10396.0,PERU,PERU:  AREQUIPA,7.0,1.0,1.0,17.0
10412.0,PERU,"PERU:  LA LIBERTAD, CAJAMARCA; ECUADOR",8.0,2.0,292.6666666666667,657.8
10553.0,PERU,PERU: CANETE: MALA,5.8,1.0,6.0,20.2
10617.0,PERU,"PERU: LIMA, CALLAO, CHILCA",5.4,2.0,4.0,4.0
4531.0,PERU,"PERU: NORTHERN, PISCO, CHICLAYO",7.9,66794.0,292.6666666666667,657.8
7868.0,TAJIKISTAN,"TAJIKISTAN:  USOY, BARCHIDIV, POSOR, NISUR",7.2,318.0,404.4,505.42857142857144
5082.0,TAJIKISTAN,"TAJIKISTAN:  KAPTOLYUK, KAYRAKKUM, GAFUROV",5.9,29.0,404.4,505.42857142857144
5629.0,TAJIKISTAN,TAJIKISTAN; AFGHANISTAN: DO ABI-NAHRIN,5.9,50.0,160.0,160.0
7363.0,TAJIKISTAN,TAJIKISTAN:  PANJ-QUMSANGIR,5.6,3.0,721.0,721.0
10168.0,TAJIKISTAN,TAJIKISTAN,7.2,2.0,500.0,793.0
5516.0,AFGHANISTAN,"AFGHANISTAN:  LOWGAR, VARDAK, KABUL",6.0,70.0,7000.0,7000.0
9922.0,AFGHANISTAN,AFGHANISTAN:  HINDU KUSH,5.8,75.0,143.0,593.0
10633.0,AFGHANISTAN,AFGHANISTAN: PAKTIKA PROVINCE; PAKISTAN,5.9,1039.0,1900.0,4500.0
10708.0,AFGHANISTAN,AFGHANISTAN: HERAT,6.3,1482.0,10002.0,220430.0
4715.0,AFGHANISTAN,AFGHANISTAN:  HINDU-KUSH:  SHAMAGAN PROVINCE,5.5,49.0,1137.0,559.0
5599.0,AFGHANISTAN,AFGHANISTAN:  HINDU KUSH:  PARVAN,5.0,4.0,100.0,86.66666666666667
5792.0,AFGHANISTAN,AFGHANISTAN: PAKTIA PROVINCE,5.2,2.0,360.75,554.6666666666666
6831.0,AFGHANISTAN,"AFGHANISTAN:  TILI, JALALABAD, BADAKHSHAN",6.5,5.0,100.0,100.0
8318.0,AFGHANISTAN,AFGHANISTAN:  NANGARHAR,5.4,19.0,200.0,200.0
10169.0,AFGHANISTAN,AFGHANISTAN; PAKISTAN,6.3,4.0,28.5,289.3333333333333
10674.0,AFGHANISTAN,AFGHANISTAN: LAGHMAN;  PAKISTAN,6.5,19.0,22.0,803.0
5274.0,AFGHANISTAN,"AFGHANISTAN:  BADAKHSTAN, BAGHLAN, LAGHMAN, NAGARHAR",6.4,848.0,360.75,2000.0
5624.0,AFGHANISTAN,"AFGHANISTAN:  HINDU KUSH:  SAMANGHAN, KABUL, RUSTAQ",7.4,166.0,300.0,300.0
5626.0,AFGHANISTAN,"AFGHANISTAN:  HINDU KUSH:  BAGHLAN, NAHRIN",6.1,1000.0,1500.0,1500.0
10159.0,AFGHANISTAN,AFGHANISTAN: HINDU KUSH,7.5,399.0,29230.0,79893.0
10239.0,MYANMAR (BURMA),MYANMAR (BURMA):  THARRAWADDY,5.1,2.0,30.0,22.0
3409.0,MYANMAR (BURMA),"MYANMAR (BURMA):  PEGU, RANGOON",7.3,500.0,251.0,230.0
10705.0,MOROCCO,"MOROCCO: MARRAKECH, SAFI",6.8,2946.0,19096.0,40578.0
4934.0,PAKISTAN,PAKISTAN:  CENTRAL,4.0,6.0,45.0,45.0
5661.0,PAKISTAN,PAKISTAN:  GILGIT,5.4,11.0,450.0,462.5
5664.0,PAKISTAN,"PAKISTAN:  DASHKIN, DOIAN, MUSHKIN",6.3,19.0,100.0,100.0
5761.0,PAKISTAN,"PAKISTAN:  BALAKOT, BATGRAM, MANSEHRA",5.4,24.0,1420.0,1420.0
9763.0,PAKISTAN,"PAKISTAN: GARHI KHAIRO, QUETTA, BALOCHISTAN",7.2,3.0,200.0,200.0
10043.0,PAKISTAN,PAKISTAN: AWARAN,6.8,22.0,100.0,100.0
10447.0,PAKISTAN,PAKISTAN:  MIRPUR DISTRICT,5.6,39.0,1756.0,5709.0
10582.0,PAKISTAN,PAKISTAN: BALOCHISTAN PROVINCE,5.9,42.0,450.0,100.0
8177.0,PAKISTAN,PAKISTAN:  QUETTA,6.4,215.0,3487.0,3487.0
10039.0,PAKISTAN,"PAKISTAN:  AWARAN, KECH",7.7,825.0,32638.0,14118.0
3550.0,PAKISTAN,PAKISTAN:  QUETTA,7.5,60000.0,9825.25,6183.5
4671.0,PAKISTAN,"PAKISTAN:  BALAKOT, PATAN",6.2,5300.0,450.0,462.5
6778.0,PAKISTAN,"PAKISTAN:  MUZAFFARABAD, URI, ANANTNAG, BARAMULA",7.6,76213.0,450.0,462.5
5449.0,PAKISTAN,"PAKISTAN:  HARNAI-SIBI, QUETTA",7.1,60.0,500.0,500.0
4950.0,HONDURAS,HONDURAS-GUATEMALA-EL SALVADOR,5.1,3.0,135.0,554.0
8297.0,HONDURAS,HONDURAS:  NORTHERN; BELIZE,7.3,7.0,135.0,25.0
7231.0,ALGERIA,ALGERIA:  NORTHERN,4.9,4.0,62.0,62.0
8125.0,ALGERIA,ALGERIA:  ORAN,5.5,1.0,81.0,62.0
5391.0,ALGERIA,ALGERIA:  MASCARA,5.9,171.0,22250.0,163000.0
5694.0,ALGERIA,"ALGERIA:  ALGIERS, BOUMERDES, REGHIA, THENIA",6.8,2287.0,19000.0,163000.0
5636.0,TANZANIA,TANZANIA:  BUNDA,5.5,2.0,690.0,700.0
10197.0,TANZANIA,TANZANIA:  LAKE VICTORIA;  UGANDA: RAKAI,5.9,23.0,1172.0,6281.0
5323.0,KYRGYZSTAN,KYRGYZSTAN:  OSH; UZBEKISTAN:  ANDIZHAN,6.2,4.0,5500.0,4000.0
5054.0,ARGENTINA,"ARGENTINA:  WEST CENTRAL, MENDOZA, LA LIGUA",6.9,6.0,12000.0,12000.0
3528.0,NEPAL,NEPAL; INDIA:  BIHAR,8.0,10600.0,176869.66666666666,97779.0
10134.0,NEPAL,NEPAL:   KATHMANDU; INDIA; CHINA; BANGLADESH,7.8,8957.0,498852.0,256697.0
10716.0,NEPAL,"NEPAL:  JAJARKOT, RUKUM WEST",5.7,154.0,26557.0,35455.0
10659.0,NEPAL,INDIA: UTTAR PRADESH; NEPAL: SUDURPASHCHIM PROVINCE,5.6,4.0,2.0,42.0
10706.0,NEPAL,NEPAL:  DIPAYAL,5.7,1.0,334.0,1185.0
9632.0,SERBIA,BALKANS NW: SERBIA:  KRALJEVO,5.5,2.0,1000.0,5000.0
10486.0,CROATIA,BALKANS NW:  CROATIA:  ZAGREB,5.4,1.0,6305.0,20000.0
10523.0,CROATIA,BALKANS NW:  CROATIA:  PETRINJA,6.4,8.0,1500.0,46000.0
8182.0,YEMEN,YEMEN:  RAZIH,5.9,1200.0,700.0,1000.0
5312.0,YEMEN,YEMEN:  WESTERN  ARABIAN PENINSULA,4.7,11.0,17.0,87.0
5405.0,CYPRUS,"CYPRUS:  PAPHOS, NICOSIA, ARODHES, PERISTERONA",5.9,2.0,70.0,570.0
10109.0,SOUTH AFRICA,SOUTH AFRICA:  ORKNEY,5.4,1.0,13.0,1433.0
10370.0,HAITI,HAITI: PORT-DEX-PAIX,5.9,18.0,2102.0,15932.0
10600.0,HAITI,HAITI: NIPPES,5.3,2.0,190.0,590.0
8732.0,HAITI,HAITI:  PORT-AU-PRINCE,7.0,316000.0,97294.0,188383.0
10563.0,HAITI,HAITI,7.2,2248.0,53815.0,83770.0
5339.0,EGYPT,EGYPT:  CAIRO,5.3,545.0,9350.0,9350.0
7764.0,CONGO,CONGO:  BUKAVU,5.9,38.0,99.0,815.0
8632.0,MALAWI,MALAWI:  KARONGA,6.0,3.0,1111.0,1111.0
5301.0,IRAQ,"IRAQ:  ARBIL,  DIBS",5.1,20.0,100.0,100.0
8392.0,BHUTAN,BHUTAN:  TASHIGANG,6.1,11.0,126.0,126.0
4528.0,TURKEY,"TURKEY:  DEMIRCI, MANISA",5.7,12.142857142857142,150.0,150.0
4607.0,AFGHANISTAN,"AFGHANISTAN:  HINDU KUSH:  SARSANGI, NARIN COUNTIES",6.1,11.0,360.75,554.6666666666666
4610.0,PAKISTAN,"PAKISTAN:  TANGIR, GUPIS, RAWALPINDI, PESHAWAR",6.2,100.0,1000.0,1000.0
